{"cameraMode":{"drawMode":0,"name":"Shaded","section":"Shading Mode"},"sceneLighting":true,"audioPlay":false,"sceneViewState":{"showFog":true,"showMaterialUpdate":false,"showSkybox":true,"showFlares":true,"showImageEffects":true,"showParticleSystems":true},"in2DMode":false,"pivot":{"x":-4.416250228881836,"y":3.090278387069702,"z":-6.106642723083496},"rotation":{"x":0.07013601809740067,"y":0.4969804584980011,"z":-0.04034372419118881,"w":0.8639820218086243},"size":16.958898544311525,"orthographic":false}