{"cameraMode":{"drawMode":0,"name":"Shaded","section":"Shading Mode"},"sceneLighting":false,"audioPlay":false,"sceneViewState":{"showFog":true,"showMaterialUpdate":false,"showSkybox":false,"showFlares":true,"showImageEffects":true,"showParticleSystems":true},"in2DMode":false,"pivot":{"x":2.285278558731079,"y":1.9898808002471924,"z":5.022288799285889},"rotation":{"x":0.01934543065726757,"y":-0.3168738782405853,"z":0.006463522091507912,"w":0.9482510089874268},"size":7.450669765472412,"orthographic":true}